Dataset,Tunability
1,-0.013044934735007119
2,-0.010563939183274584
3,-0.019501314125621727
4,-0.06025799075126825
5,-0.023369461769519928
6,-0.019969796903694603
7,-0.001184874155068849
