Dataset,Tunability
1,0.0
2,0.0
3,-0.018666994169407203
4,-0.028103616199951165
5,-0.017423193397169356
6,0.0
7,0.0
