Dataset,Tunability
1,-0.0072860244254242534
2,-0.015153111996294433
3,0.09337772564115665
4,0.08528598935051313
5,0.03935255898328649
6,0.035308517683875884
7,-0.056940205014495926
