Dataset,Tunability
1,0.0
2,-0.01651611754846416
3,0.0
4,-0.005120362161369796
5,-2.220446049250313e-16
6,-0.06565713461183242
7,-0.050136552494913444
