Dataset,Tunability
1,-0.0002745708005447156
2,-0.0006609589369501734
3,-0.0002498889160280626
4,0.016305953922030603
5,-0.005644168755942758
6,-0.0009519468445448043
7,-0.001085578394419251
