Dataset,Tunability
1,0.0
2,0.0
3,-0.2398933219284055
4,-0.001554248957704507
5,0.0
6,-0.010422940623091681
7,-0.0933384298373211
