Dataset,Tunability
1,-0.0012403249665360327
2,-8.830369204404498e-05
3,-0.0006183970741003852
4,0.009830413590514508
5,-0.003903913208023413
6,-0.002288155632021893
7,-0.0007594324057554891
