Dataset,Tunability
1,0.0
2,-0.000497058114845017
3,-0.0053758091054760815
4,-0.00809006527713807
5,-0.003478443015946131
6,-0.02004755859345153
7,-0.0006324927615826148
