Dataset,Tunability
1,-0.01711749931477269
2,-0.06704602463825371
3,0.0159736659836065
4,-0.04457652005907864
5,-0.00745356395304464
6,-0.05475423491446407
7,-0.0015115031720522865
