Dataset,Tunability
1,0.0
2,-0.010557695243709309
3,-0.0007566592913900161
4,0.0
5,0.0
6,0.0
7,0.0
