Dataset,Tunability
1,0.01648014897569028
2,-0.0029794704732895028
3,-0.12219646545347063
4,0.100918407079577
5,0.05481290372197756
6,0.10574818513488471
7,-0.10686365352731264
