Dataset,Tunability
1,0.0
2,0.0
3,-0.2398933219284055
4,0.0
5,1.1102230246251565e-16
6,0.11505924421408864
7,-0.0933384298373211
