Dataset,Tunability
1,-0.009245016393667371
2,-0.03810184236740688
3,-0.013691691398239225
4,-0.029723253283257423
5,0.006757232377549105
6,-0.058064421068693806
7,-0.0021179226541115925
