Dataset,Tunability
1,0.0006091824937274337
2,0.0003150737756716371
3,-0.010613889713386948
4,0.0002598079765463446
5,-0.0036961170619624895
6,-0.0008684754449238552
7,7.039285216225988e-05
