Dataset,Tunability
1,0.0037482741629979444
2,-0.025206246181887493
3,0.03349353735343508
4,0.005640895611310981
5,0.04431557410510312
6,0.03568552702850791
7,-0.03074012068805243
