Dataset,Tunability
1,-0.01647409539111544
2,1.1102230246251565e-16
3,-0.06169333525271048
4,-0.05246657885573014
5,-0.0023862355493353693
6,-0.060267395935188484
7,-0.02276869687680594
