Dataset,Tunability
1,-0.01674558480936028
2,-0.007244274059898248
3,-0.008756348623572552
4,-0.04004107796529588
5,-0.007835907137468512
6,-0.024925237219025176
7,-0.0014951916543779475
