Dataset,Tunability
1,-0.0026744374552766237
2,-0.0030264723939247284
3,-0.021655491161152285
4,0.014459717107259129
5,-0.01899222194577499
6,-0.001752614079970627
7,-0.00021237768549153824
