Dataset,Tunability
1,-0.010229841466709577
2,-0.04912910701462436
3,-0.00898601562310497
4,-0.010651128037260427
