Dataset,Tunability
1,0.0882939655094882
2,-0.00901489825741597
3,-0.017370998080808553
4,-0.02691176506074011
5,-0.013542868900809468
6,-0.015435674775472585
7,-0.000881237561899062
