Dataset,Tunability
1,-0.00847783686875081
2,-0.034619426323187485
3,-0.016149234574838633
4,-0.021994341904531867
5,0.00969473439963775
6,-0.05596730494727953
7,-0.0020016954127379805
