Dataset,Tunability
1,-0.00046707386057087685
2,-0.001416217583152135
3,-0.00948111941161156
4,0.0025169604578653137
5,-0.00028674826508767737
6,0.0014283146257489943
7,0.00012769382073340996
