Dataset,Tunability
1,0.0031508324805901156
2,6.443345151507796e-05
3,-0.011716030154174217
4,-0.020937035055412112
5,-0.009270531575529595
6,0.015788287558911596
7,0.000614435848648176
