Dataset,Tunability
1,-0.0043144509281972665
2,-0.011251753267427222
3,-0.02669652875573858
4,0.05709456483154607
