Iteration,Score
1,0.7781497879594955
2,0.7865466239620986
3,0.6399236831654218
4,0.7814191177978664
5,0.7862352697558779
