Dataset,Tunability
1,0.007316626847005292
2,-0.01508790767552104
3,0.0006064732603131562
4,0.028963059697009408
