Iteration,Score
1,0.4195594442704249
2,0.44849642334318895
3,0.7098774733407186
4,0.7123030045163684
5,0.5351226394991274
