Iteration,Score
1,0.7370799283703799
2,0.7327489049701492
3,0.7464731418259455
4,0.7429171037813863
5,0.7487772833917774
