Dataset,Tunability
1,-0.11333974278062708
2,-0.01756046792281596
3,0.07521479863924996
4,0.09040635151188292
5,0.06109624631121935
6,-0.007429284719510987
7,-0.008596630767323088
8,0.16731450137209736
