Dataset,Tunability
1,0.001011271936315672
2,-0.024549966963031356
3,0.03349353735343508
4,0.040283743921068926
5,0.04431557410510323
6,0.035685527028508024
7,-0.027616344389975178
