Dataset,Tunability
1,0.02933079940896055
2,-0.006421866563161904
3,-0.12219646545347063
4,0.100918407079577
5,0.054812903721977335
6,0.10574818513488471
7,-0.10876333608895894
