Dataset,Tunability
1,0.1252055857502553
2,0.15652922988205342
3,-0.00893771665400278
4,0.02820565093188443
