Iteration,Score
1,0.3265583428903933
2,0.30553909418658226
3,0.21719628846227187
4,0.3446611188499392
5,0.3169069034207741
