Dataset,Tunability
1,0.0166643721718589
2,0.003509927774250521
3,-0.12219646545347063
4,0.100918407079577
5,0.054812903721977335
6,0.10698631425343974
7,-0.10846299423176287
