Dataset,Tunability
1,0.0
2,-0.008465653237030302
3,-0.0945803993458324
4,0.0
