Dataset,Tunability
1,-0.1252055857502553
2,-0.00576642029347052
3,-0.019972073966895598
4,-0.023085288770514634
5,-0.03606105251990366
6,-0.10941147784171468
7,0.0
8,-0.07900567410349779
