Dataset,Tunability
1,-0.01647409539111544
2,0.0
3,-0.06169333525271048
4,-0.05246657885573014
5,-0.0023862355493354803
6,-0.060267395935188595
7,-0.022763875680521517
