Iteration,Score
1,0.24553894155517977
2,0.1691278726358906
3,0.4300066631260915
4,0.4549117645060939
5,0.35233419181643927
