Dataset,Tunability
1,0.0025147385302798364
2,-0.00025113853075564574
3,-0.006895860308848256
4,0.06040066046548431
5,-0.006779572470282935
6,-0.00024168799028267962
7,-0.0011569686711079274
