Iteration,Score
1,0.6554431428775341
2,0.5044098902142118
3,0.23703757010008725
4,0.6549287895016995
5,0.25444207807173747
