Iteration,Score
1,0.7897749292334564
2,0.7993054515294482
3,0.7143826044264069
4,0.7419804036360375
5,0.376792240103469
