Iteration,Score
1,0.5830748168156016
2,0.7540332894394078
3,0.8535919377770395
4,0.6324888346843878
5,0.8764170872601671
