Dataset,Tunability
1,0.0017043330748088836
2,-0.002147795494899518
3,-0.011884835583505726
4,0.06429968370514705
