Dataset,Tunability
1,0.12037997814359203
2,0.03534615818368303
3,0.001708855116338892
4,0.07527817654302693
