Dataset,Tunability
1,-0.0005476788635168095
2,-0.0006591729059007845
3,-0.0042527133036743825
4,-0.00931047728420753
5,-0.005456638795692359
6,-0.015132237155433437
7,-0.0009586387502463767
