Dataset,Tunability
1,-0.0013305053088065177
2,-0.002197118241877849
3,-0.010097243633523711
4,0.0
