Dataset,Tunability
1,0.0012966849465496644
2,-0.0007495756710934609
3,0.0007843632769949371
4,0.036109775606199324
5,-0.014855104257060603
6,0.0030163070381156176
7,-0.001042184675789093
