Dataset,Tunability
1,0.0
2,-0.000873168697789084
3,-0.004780468977994445
4,-0.0003890910067553266
5,-0.012744651656544592
6,-0.01498639920153555
7,-0.0019425515368938218
